;_/_/_/_/_/_/_/_/_/_/_/_/_/_/_/_/_/_/_/_/_/_/_/_/#
;
;	Module		:Chara5082_クーフーリン(槍).csv
;	Facility	:
;
;	Licence		:ライセンスフリー
;
;	Modification Data:
;
;	Edit	Date			Author					Reason
;	000		20XX/XX/XX		----					テンプレ
;	001		2021/04/20		SUIHOU					作成
;_/_/_/_/_/_/_/_/_/_/_/_/_/_/_/_/_/_/_/_/_/_/_/_/#
;受肉した英霊として扱う
;耐性は人間準拠で逸話を参考にしつつ
;-----------------------------
;- 기초정보
;-----------------------------
番号,5082,
名前,쿠훌린(창),
呼び名,쿠훌린(창),

基礎,체력,2600
基礎,기력,800
基礎,사정,10000
基礎,ＨＰ,17
基礎,ＭＰ,24;MP
基礎,ＥＸＰ,30
基礎,ＭＡＧ,35
基礎,￥,6
基礎,충성도,100

;-----------------------------
;- 基本能力
;-----------------------------
基礎,LV,50
;確認用。本来は50
基礎,힘,20
基礎,지혜,12
基礎,마력,13
基礎,인내력,20
基礎,속도,26
基礎,운,2


;-----------------------------
;- 素質/能力/経験(調教関連)
;-----------------------------
;身体特徴
素質,남자
素質,절벽

;性格
素質,꿋꿋함
素質,프라이드높음

;性への関心
素質,호기심
素質,낙관적

;体質
素質,아픔에강함

;特殊
素質,고무
素質,인기


;-----------------------------
;- 素質/能力/経験(그외)
;-----------------------------
素質,영맹

素質,달인

素質,창술
素質,봉술

素質,검격
素質,타격

;肉体部位
素質,머리,
素質,눈,
素質,입,
素質,팔,
素質,발,
素質,무기,


;-----------------------------
;- 상성
;-----------------------------
基礎,검격,150
基礎,비구,100
基礎,타격,50
基礎,전술,50
基礎,화염,100
基礎,빙결,100
基礎,전격,100
基礎,충격,100
基礎,신경,150
基礎,정신,50
基礎,파마,0
基礎,주살,100
基礎,지변,100
基礎,수격,100
基礎,질풍,100
基礎,중력,150
基礎,핵열,150
基礎,만능,100


;-----------------------------
;- 스킬
;-----------------------------
;◆5+7の合計12個
;宝具、攻撃スキルは初期装備
;-----------------------------
能力,스킬1,3904;ランサー
	CSTR,전용기1,ランサー
能力,스킬2,3905;ノウブル・ファンタズム
	CSTR,전용기2,ノウブル・ファンタズム
能力,스킬3,3906;刺し穿つ刺棘の槍
	CSTR,전용기3,刺し穿つ刺棘の槍
能力,스킬4,3907;突き穿つ死翔の槍
	CSTR,전용기4,突き穿つ死翔の槍
能力,스킬5,229;백열찌르기
能力,스킬6,48;자벨린레인
能力,스킬7,3908;ゲッシュ
	CSTR,전용기5,ゲッシュ
能力,스킬8,3909;矢避けの加護
	CSTR,전용기6,矢避けの加護

能力,습득스킬1,2484,;닷지카운터
能力,습득LV1,51

能力,습득스킬2,511;기합
能力,습득LV2,55

能力,습득스킬3,3910;仕切り直し
	CSTR,전용기7,仕切り直し
能力,습득LV3,60

能力,습득스킬4,3911;四枝の浅瀬
	CSTR,전용기8,四枝の浅瀬
能力,습득LV4,65

;-----------------------------
;- 얼라인먼트
;-----------------------------
能力,80,44;영웅
CSTR,종족명,서번트
能力,81,0;継承なし
能力,82,0;会話なし
能力,83,2;N
能力,84,2;N

能力,공격상성,0
能力,최저공격횟수,1
能力,최대공격횟수,1
能力,사거리,1;사거리
能力,공격범위,1


;-----------------------------
;- 초기의상
;-----------------------------
フラグ,전신복,306;갑옷
フラグ,속옷（하）,607;
フラグ,양말,801;
フラグ,신발,901;부츠


;-----------------------------
;- 상관관계
;-----------------------------
フラグ,상성1,4983;바제트
フラグ,상성치1,200
フラグ,상성2,4982;카렌
フラグ,상성치2,80

フラグ,초기호감도대상1,4983;바제트
フラグ,초기호감도1,500
フラグ,초기피호감도1,500


;-----------------------------
;CFLAG
;-----------------------------
フラグ,합체불가
フラグ,소환불가
フラグ,１체만
フラグ,전서소환불가


;-----------------------------
;- 캐릭터해설 ( CSTR:30～49 の20行)
;-----------------------------
CSTR,일인칭,나
CSTR,이인칭,당신
CSTR,타이틀,아일랜드의 빛의 왕자


CSTR,30,【쿠훌린】
CSTR,31,우리가 형님이라고 부르는「Fate/stay night」의 원조 랜서
CSTR,32,시원시원한 행동이나、작품 속에서 마음에 드는 상대가 적일지라도 원칙에 어긋나는 명령을 내려도
;CSTR,32,さっぱりとした振る舞いや、作中気に入った相手が敵であろうとも、主義に反する命令を出されれば
CSTR,33,지키려고 하는 등 사나이다운 행동과 그 최후로 팬들로부터 「형님」이라 불리고 있다
;CSTR,33,守ろうとするなど、漢らしい行動やその最期からファンから「兄貴」と呼ばれている
CSTR,34,
CSTR,35,친한 사람이라도 적에게 돌아가면 인정사정없이 무기를 휘두르는 한편
CSTR,36,한때 적이였던 사람이라도 아군이 되면 차분히 어깨를 나란히 하는 켈트 전사다운 무인기질의 소유자
CSTR,37,입이 험하지만 기사로서 자부심이 강한 인물로、주군인 스승의 명령에는 기본적으로 충실하고
CSTR,38,상당히 마음에 들지 않는 명령이 아니라면 서번트로서 따르는 방침을 세우고있다
CSTR,39,
CSTR,40,귀찮다는 이유로 본편에서는 잘 사용하지 않았지만 마술에도 뛰어나고、
CSTR,41,18개의 원초적인 룬 마법을 습득하였으며、그 실력은 캐스터의 직업 적성을 가질 정도로 뛰어나며
CSTR,42,또한 전사의 기호로서 다른 무구에도 정통하여、검과 활、전차、심지어 마술도 다루는 만능 전사이다
CSTR,43,
CSTR,44,참고로 작중에서 자주 사용되는『빛의 아들』이라는 통칭은 Fate시리즈 오리지널이며
CSTR,45,일반적으로『클랜의 맹견』이나『얼스터의 맹견』이라는 호칭이 메이저
CSTR,46,
CSTR,47,등장작품:『Fate／stay night』및 시리즈 작품

