番号,4807
名前,파츄리ㆍ널리지
呼び名,파츄리
基礎,0,100
基礎,1,2200
基礎,5,17;HP
基礎,6,24;MP
基礎,ＥＸＰ,30
フラグ,ＥＸＰ보정,12
基礎,ＭＡＧ,50
フラグ,ＭＡＧ보정,26
基礎,￥,8
基礎,10,100
基礎,LV,30
基礎,힘,3
基礎,지혜,20
基礎,마력,16
基礎,인내력,1
基礎,속도,10
基礎,운,13
基礎,CP,5

素質,얌전함,
素質,무관심,
素質,보수적,
素質,아픔에약함,
素質,젖기쉬움,
素質,습득빠름,
素質,혀놀림,
素質,조합지식,
素質,Ｃ민감,
素質,Ｖ민감,
素質,Ａ민감,
素質,Ｂ민감,
素質,회복느림,
;おっぱちゅりー派でごめん
素質,거유,

能力,Ｃ감각,1
能力,순종,1
能力,레즈끼,2

経験,Ｖ경험,5
経験,Ａ경험,1
経験,절정경험,5
経験,자위경험,50
経験,레즈경험,50
;経験,이상경험,1

素質,냉정

素質,머리
素質,눈
素質,입
素質,팔
素質,발

;소악마
フラグ,상성1,4806
フラグ,상성치1,110
;레밀리아
フラグ,상성2,4809
フラグ,상성치2,150

;마법に強く、물리に弱い
基礎,검격,200
基礎,비구,150
基礎,타격,200
基礎,전술,150
基礎,화염,60
基礎,빙결,70
基礎,전격,60
基礎,충격,70
基礎,신경,200
基礎,정신,100
基礎,파마,100
基礎,주살,100
基礎,지변,60
基礎,수격,60
基礎,질풍,90
基礎,중력,60
基礎,핵열,60
基礎,만능,100
基礎,사이코,100

;초기스킬
能力,스킬1,705;마하ㆍ라기온
能力,스킬2,905;마하ㆍ지온가
能力,스킬3,1705;마하ㆍ갈라
能力,스킬4,2403;일할의마맥
能力,스킬5,202;숏잽、調整のためのゴミ스킬

;습득스킬
能力,습득스킬1,1505;마하ㆍ마그나스
能力,습득LV1,32,
能力,습득스킬2,503;마카ㆍ카쟈
能力,습득LV2,34,
能力,습득스킬3,2843;화수목금토부「현자의돌」
能力,습득LV3,38,
能力,습득스킬4,1637;격류의난무
能力,습득LV4,40,
能力,습득스킬5,1839;중력의난무
能力,습득LV5,42,

能力,계승타입,2097151;継承:全て

素質,화염
素質,전격
素質,지변
素質,수격
素質,질풍
素質,중력
素質,핵열

;キャラ特性
能力,종족,7;요귀
CSTR,종족명,귀녀
能力,회화타입,305;女ㆍ성인
能力,속성LD,2;N
能力,속성LC,3;C
CSTR,11,私
CSTR,12,서머너
CSTR,타이틀,지식과 그늘의 소녀

能力,수태아이템,5497;수상한비디오테이프

能力,공격상성,2
能力,최저공격횟수,1
能力,최대공격횟수,1
能力,사거리,1;사거리
能力,공격범위,1

フラグ,특수합체만,

;초기의상
フラグ,모자,8;모자
フラグ,전신복,302;로브
フラグ,신발,901;부츠
フラグ,속옷（상）,501;브래지어
フラグ,속옷（하）,601;드로워즈

フラグ,EXTRA출전,6

;악마해설
CSTR,30,등장작품：동방홍마향、동방췌몽상、동방문화첩、동방비상천、비상천칙 외
CSTR,31,종족：마법사
CSTR,32,능력：마법(주로 정령마법)을 다루는 정도의 능력、화수목금토일월을 조종하는 정도의 능력
CSTR,33,이명：지식과 그늘의 소녀、움직이지 않는 대도서관、정체를 알 수 없는 마법의 근원、화담의 마법사

CSTR,35,홍마관 도서관에 틀어박혀 있는 마법사. 겉보기에는 소녀지만 나이는 100이 넘는다。
CSTR,36,책을 읽는 것보다 더 멋진 일은 없다고 생각하며 말수가 적고 붙임성이 없다。
CSTR,37,지식은 풍부하지만 대부분 책에 의존하다 보니 완고한 성격이다。

CSTR,39,『화수목금토일월을 조종하는 정도의 능력』란 오행에 해와 달의 두 속성을 더한 오리지널 속성 마법이다。
CSTR,40,작은 마력에서 큰 힘을 얻을 수 있지만 제어가 어렵고 영창도 길어진다。
CSTR,41,그녀는 천식 환자이기 때문에 긴 영창을 필요로 하는 고도 마법은 상태가 좋을 때만 사용할 수 있다。

CSTR,43,『동방홍마향』 4면 보스로 첫 등장。 절친 레밀리아의 곁으로 향하는 주인공들 앞을 가로막는다。
CSTR,44,EX 스테이지에서의 리매치전에서는 천식의 상태도 호전되어 강렬한 탄막으로 주인공들을 몰아붙인다。
