番号,4813
名前,앨리스・마가트로이드
呼び名,앨리스・Ｍ
基礎,0,2000
基礎,1,1400
基礎,5,17;HP
基礎,6,24;MP
基礎,ＥＸＰ,30
フラグ,ＥＸＰ보정,12
基礎,ＭＡＧ,50
フラグ,ＭＡＧ보정,26
基礎,￥,8
基礎,10,100
基礎,LV,38
基礎,힘,11
基礎,지혜,17
基礎,마력,17
基礎,인내력,8
基礎,속도,11
基礎,운,11
基礎,CP,5

素質,처녀,
素質,반항적,
素質,프라이드높음,
素質,조합지식,
素質,자위하기쉬움,
素質,도착적,
素質,중독되기쉬움,
素質,Ｃ민감,
素質,Ｂ민감,
素質,츤데레,
素質,금단의지식,

素質,교활
素質,교만,

能力,Ｃ감각,1
能力,욕망,1
能力,기교,1
能力,레즈끼,2

経験,자위경험,30

素質,머리
素質,눈
素質,입
素質,팔
素質,발
素質,무기

;メガテン앨리스
フラグ,상성1,4104
フラグ,상성치1,200
;레이무
フラグ,상성2,4800
フラグ,상성치2,150
;마리사
フラグ,상성3,4801
フラグ,상성치3,150
;메디슨
フラグ,상성4,4832
フラグ,상성치4,120

基礎,검격,100
基礎,비구,80
基礎,타격,80
基礎,전술,150
基礎,화염,0
基礎,빙결,100
基礎,전격,200
基礎,충격,200
基礎,신경,25
基礎,정신,25
基礎,파마,50
基礎,주살,0
基礎,지변,125
基礎,수격,100
基礎,질풍,125
基礎,중력,100
基礎,핵열,100
基礎,만능,100
基礎,사이코,100

;초기스킬
能力,스킬1,602;테트라칸
能力,스킬2,505;데・쿤다
能力,스킬3,1226;텐타라후

;습득스킬
;能力,습득스킬1,1412;무드온
能力,습득스킬1,2601;확산탄막사출
能力,습득LV1,40,
能力,습득스킬2,2849;戦符「リトルレギオン」
能力,습득LV2,42,
能力,습득스킬3,512;컨센트레이트
能力,습득LV3,44,
能力,습득스킬4,2001,;메기도
能力,습득LV4,49,
能力,습득스킬5,2602;집중탄막사출
能力,습득LV5,50,

能力,계승타입,2097151;継承:全て

素質,검격
素質,비구
素質,지원
;素質,빙결
;素質,주살
;素質,중력

;キャラ特性
能力,종족,3;마왕
CSTR,종족명,마인
能力,회화타입,305;女・성인
能力,속성LD,2;N
能力,속성LC,2;N
CSTR,11,私
CSTR,12,당신
CSTR,타이틀,칠색의 인형사

能力,수태아이템,2434;에쿠웨의성장

能力,공격상성,1
能力,최저공격횟수,1
能力,최대공격횟수,1
能力,사거리,3;사거리
能力,공격범위,1

フラグ,특수합체만,

;초기의상
フラグ,옷,107;블라우스
フラグ,하의,205;롱스커트
フラグ,양말,804;사이하이삭스
フラグ,신발,902;하이부츠
フラグ,속옷（상）,506;네글리제
フラグ,속옷（하）,601;드로워즈

フラグ,EXTRA출전,6

;악마해설
CSTR,30,등장작품：동방요요몽、동방췌몽상、동방영야초、동방문화첩、동방비상천、동방지령전、동방비상천칙 외
CSTR,31,종족：마법사
CSTR,32,능력：주로 마법을 사용하는 정도의 능력、인형을 조종하는 정도의 능력
CSTR,33,이명：칠색의 인형사、겉모습만 떠들썩한 요괴、우박의 인형사 

CSTR,35,앨리스 마가트로이드。마법의 숲 양옥에 사는 타고난 마법사。
CSTR,36,마법에 집착하지만 타인에게는 무관심。하지만 길잃은 인간을 돕는 등 세심한 면모도 보인다。
CSTR,37,힘으로 상대를 압도하는 것을 싫어하고、상대보다 조금만 위의 힘으로 싸운다.이것은 진심을 다해 놓고 지면 뒤가 없어지기 때문이기도 하다。
CSTR,38,강자와의 전투를 피해가는 점에서 기본적으로 이길 수 없는 싸움을 벌이지 않는 타입。
CSTR,39,
CSTR,40,속성을 불문한 만능 마법사이지만 기본적으로는 자작 인형을 조종해 마력을 행사하는 스타일을 취한다。
CSTR,41,여러 구의 인형을 자유자재로 조종하고 때로는 연계시키거나 완전히 비동기적으로 움직이거나 인형에게 인형을 조종하게 하는 일까지 해낸다。
CSTR,42,그 인형들은 극중 인물들이 보기에도 도저히 조종당해서 움직이는 것 같지는 않다고 한다。

CSTR,44,이 소녀가 환상향에서도 특히 수수께끼가 많이 있기도 하며、「앨리스」라는 이름에 환상을 가지는 창작자도 많다。
CSTR,45,롯폰기에서 적흑의 악마에 비호되는 자、ESP 범죄 조직이 대량 생산하고 있는 자、어쩌면 그녀 역시 앨리스의 한 모습일까。
;メガテンアリス、エスプレイドアリスクローン
