番号,786
名前,저돈사
呼び名,저돈사

基礎,0,1800
基礎,1,1000
基礎,5,20;HP
基礎,6,2;MP
基礎,ＥＸＰ,16
基礎,ＭＡＧ,50
基礎,￥,8
基礎,10,100

基礎,LV,13
基礎,힘,11
基礎,지혜,1
基礎,마력,2
基礎,인내력,15
基礎,속도,6
基礎,운,2
基礎,CP,6

素質,남자
素質,정조관결여
素質,부끄럼없음
素質,호기심
素質,반항적
素質,아픔에강함
素質,약독내성
素質,불결무시
素質,쾌감에솔직
素質,절벽
素質,유아체형
素質,발정가능
素質,우둔
素質,습득느림

能力,욕망,1

素質,짐승
素質,머리
素質,눈
素質,입
素質,발
素質,꼬리
素質,모피

;物理ㆍ신경ㆍ빙결ㆍ주살に強い
;정신ㆍ파마ㆍ지변ㆍ중력に弱い
基礎,검격,75
基礎,비구,0
基礎,타격,75
基礎,전술,75
基礎,화염,100
基礎,빙결,50
基礎,전격,100
基礎,충격,100
基礎,신경,0
基礎,정신,150
基礎,파마,150
基礎,주살,50
基礎,지변,125
基礎,수격,100
基礎,질풍,100
基礎,중력,125
基礎,핵열,100
基礎,만능,100
基礎,사이코,100

能力,스킬1,322;독물어뜯기
能力,스킬2,201;돌격
能力,스킬3,335;테일

能力,습득스킬1,801;부흐
能力,습득LV1,14
能力,습득스킬2,1112;독가스브레스
能力,습득LV2,16

素質,전술
素質,신경

能力,공격상성,3
能力,최저공격횟수,1
能力,최대공격횟수,1
能力,사거리,3;사거리
能力,공격범위,1

能力,종족,8;용왕
CSTR,종족명,사룡
能力,회화타입,329;男ㆍ짐승
;未実装
;フラグ,ＴＳ시회화타입,327;女ㆍ짐승
フラグ,원가슴사이즈,3
能力,속성LD,2;N
能力,속성LC,3;C

能力,아이템1,1001
能力,입수확률1,10

CSTR,11,オレサマ
CSTR,12,オマエ
CSTR,16,アタイ
CSTR,17,オマエ


;악마해설
CSTR,30,중국의 10세기 중반에서 13세기 후반、 송대에 나타났다고 하는 괴물.
CSTR,31,「털이 덥수룩하고、 돼지소리로 우는、 네 발 달린 뱀」이라고 언급되었다.
CSTR,32,크기는 1미터 정도이나、 그 몸은 절굿공이처럼 굵으며
CSTR,33,맹독을 지녀、 사람을 죽음에 이르게 했다고 한다.
CSTR,34,
CSTR,35,또한、 한자표기는 「猪豚蛇」
