;	2021/03/23		からす		原典的に考えて火属性でないとおかしいので、火属性スキル追加と耐性変更

番号,703
名前,키요히메
呼び名,키요히메

基礎,0,2200
基礎,1,1800
基礎,5,17;HP
基礎,6,24;MP
基礎,ＥＸＰ,16
基礎,ＭＡＧ,50
基礎,￥,8
基礎,10,100

基礎,LV,17
基礎,힘,5
基礎,지혜,7
基礎,마력,9
基礎,인내력,10
基礎,속도,9
基礎,운,2
基礎,CP,5

基礎,신장,158
基礎,체중,41

素質,처녀
;素質,꿋꿋함
;素質,호기심
;素質,낙관적
;素質,눈에띄고싶어함
;夜這に行っちゃう位だし
;素質,정조관념
素質,젖기쉬움
;素質,습득빠름
;素質,헌신적
素質,도착적
;素質,바이
;素質,매력
;素質,Ｃ민감
;素質,거유
素質,광기
素質,발정가능
;素質,영맹
素質,잔학
;素質,영매체질

能力,욕망,1
能力,순종,1
能力,기교,1
能力,봉사정신,1

素質,파충류
素質,인간화
素質,머리
素質,눈
素質,입
素質,팔
素質,발
素質,꼬리

;전격に弱い+氷結に強い＋破魔に強い
;→原典的なことを考え変更：火属性なので火炎と核熱に強く、竜として氷結、水撃に強い
;無効：火炎、破魔、核熱
;耐性：飛具、打撃、氷結、水撃
;弱点：電撃、神経、呪殺、重力

基礎,검격,100
基礎,비구,100
基礎,타격,100
基礎,전술,100
基礎,화염,0
基礎,빙결,150
基礎,전격,100
基礎,충격,100
基礎,신경,100
基礎,정신,0
基礎,파마,0
基礎,주살,0
基礎,지변,100
基礎,수격,200
基礎,질풍,100
基礎,중력,100
基礎,핵열,0
基礎,만능,100
基礎,사이코,100

;火炎メインだが、水撃と支援も多少覚える
能力,스킬1,702;아기라오
能力,스킬2,708;파이어브레스
能力,스킬3,707;불의벽
能力,스킬4,321;물어뜯기

能力,습득스킬1,501;타루ㆍ카쟈
能力,습득LV1,18
能力,습득스킬2,732;화염가드킬
能力,습득LV2,20
能力,습득스킬3,1907;기가온
能力,습득LV3,22
能力,습득스킬4,703;아기다인
能力,습득LV4,25
能力,습득스킬5,760;전신화생삼매（빛나는불꽃互換）
能力,습득LV5,45

素質,화염
素質,핵열
素質,전술
素質,지원

能力,종족,8;용왕
;旧2
;CSTR,종족명,귀녀
;P1
CSTR,종족명,사룡
能力,회화타입,307;女ㆍ古風
フラグ,ＴＳ시회화타입,317;男ㆍ大人
能力,속성LD,2;N
能力,속성LC,2;N

能力,공격상성,2
能力,최저공격횟수,1
能力,최대공격횟수,1
能力,사거리,1;射程
能力,공격범위,1

能力,코딩,8034;양염의부적
能力,아이템1,1001;외상약
能力,입수확률1,10
能力,아이템2,1002;마석
能力,입수확률2,10

CSTR,11,저
CSTR,12,서방님

フラグ,전신복,301;着物
フラグ,속옷（상）,522;나가쥬반
フラグ,양말,808;버선
フラグ,신발,912;짚신
フラグ,그외,1107;오비
フラグ,그외2,1124;카즈키

;악마해설
CSTR,30,일본의 기슈(현대의 와카야마 현과 미에현의 남부 당)에서 전해지고 있는 안친·키요히메 전설의 등장 인물.

CSTR,32,때는 헤이안 시대의 연장 6년(928년) 여름 무렵. 여행자이던 스님이자 승려인 안친은 어느 영주의 저택에서 하룻밤을 묵게 된다.
CSTR,33,그때 영주의 딸 키요히메가 그에게 첫눈에 반하여 요바이를 하였다.
CSTR,34,밤중에 요바이를 당한 안친은 키요히메를 진정시킨 뒤 "여행이 끝나면 이곳으로 돌아오겠다." 라며 약속을 하고 저택을 떠났다.
CSTR,35,그리고 안친은 키요히메가 있는 곳으로는 오지 않았다.

CSTR,37,뒤늦게 안친이 거짓말을 하고 달아났다는 것을 알게 된 그녀는 원함을 품고 다리가 없는 용의 형상으로 변하여 안친을 쫓아갔다.
CSTR,38,필사적으로 도망치는 안친을 쫓던 키요히메는 도조사라는 절의 종 속에 숨은 안친을 종 채로 불태워죽였다고 한다.
CSTR,39,안친을 불태워 죽인 후 키요히메 자신도 즉시 강에 몸을 던져서 자살하였다고 한다.

CSTR,41,오늘날의 현대에서 그 종이 보관되어 있는 와카야마현의 묘만지에서는 지금도 매년 봄마다 종 공양이 행해지고 있다.
